file,width,height,bytes,pixels
large/001_2880x3840.jpg,2880,3840,2232387,11059200
large/002_3264x2448.jpg,3264,2448,836003,7990272
large/003_3008x2000.jpg,3008,2000,562557,6016000
large/004_3840x2160.jpg,3840,2160,913194,8294400
large/005_1440x2560.jpg,1440,2560,379677,3686400
small/006_607x1080.jpg,607,1080,53899,655560
large/007_3264x2448.jpg,3264,2448,789377,7990272
small/008_162x42.jpg,162,42,3535,6804
small/009_300x79.jpg,300,79,2888,23700
large/010_4096x2730.jpg,4096,2730,563148,11182080
large/011_4096x2730.jpg,4096,2730,1129682,11182080
large/012_2731x4096.jpg,2731,4096,1066415,11186176
large/013_2735x4096.jpg,2735,4096,1043166,11202560
small/014_934x499.jpg,934,499,18907,466066
small/015_744x788.jpg,744,788,20257,586272
small/016_934x499.jpg,934,499,18919,466066
small/017_744x788.jpg,744,788,20089,586272
small/018_701x895.jpg,701,895,21605,627395
large/019_3000x2000.jpg,3000,2000,1420564,6000000
large/020_4096x2731.jpg,4096,2731,2390761,11186176
small/021_64x64.jpg,64,64,795,4096
small/022_514x301.jpg,514,301,27302,154714
large/023_2842x1894.jpg,2842,1894,405423,5382748
large/024_3264x2448.jpg,3264,2448,896853,7990272
large/025_4096x2730.jpg,4096,2730,411888,11182080
small/026_496x265.jpg,496,265,7211,131440
small/027_395x418.jpg,395,418,8213,165110
small/028_372x476.jpg,372,476,8838,177072
large/029_4096x2720.jpg,4096,2720,1386801,11141120
small/030_561x300.jpg,561,300,8332,168300
small/031_447x473.jpg,447,473,9397,211431
small/032_421x538.jpg,421,538,10346,226498
large/033_3000x2000.jpg,3000,2000,232757,6000000
large/034_1804x1698.jpg,1804,1698,27774,3063192
large/035_1022x1698.jpg,1022,1698,23123,1735356
small/036_1297x693.jpg,1297,693,30437,898821
large/037_1033x1094.jpg,1033,1094,33312,1130102
large/038_974x1243.jpg,974,1243,36320,1210682
large/039_1344x1698.jpg,1344,1698,23352,2282112
large/040_1242x1698.jpg,1242,1698,21280,2108916
large/041_2842x2132.jpg,2842,2132,714059,6059144
small/042_496x265.jpg,496,265,7220,131440
small/043_395x418.jpg,395,418,8214,165110
small/044_372x476.jpg,372,476,8837,177072
small/045_196x104.jpg,196,104,2077,20384
small/046_156x165.jpg,156,165,2242,25740
small/047_196x104.jpg,196,104,2113,20384
small/048_156x165.jpg,156,165,2325,25740
small/049_147x188.jpg,147,188,2701,27636
small/050_773x413.jpg,773,413,13723,319249
small/051_616x652.jpg,616,652,15059,401632
small/052_616x652.jpg,616,652,15002,401632
small/053_580x741.jpg,580,741,16464,429780
large/054_4096x2720.jpg,4096,2720,1005708,11141120
small/055_320x171.jpg,320,171,4224,54720
small/056_255x270.jpg,255,270,4488,68850
small/057_320x171.jpg,320,171,4166,54720
small/058_255x270.jpg,255,270,4468,68850
small/059_240x307.jpg,240,307,4846,73680
large/060_2842x1795.jpg,2842,1795,682691,5101390
large/061_896x1344.jpg,896,1344,118594,1204224
large/062_2688x1792.jpg,2688,1792,336171,4816896
large/063_1344x896.jpg,1344,896,270546,1204224
large/064_896x1344.jpg,896,1344,83877,1204224
large/065_896x1344.jpg,896,1344,121986,1204224
large/066_896x1344.jpg,896,1344,118076,1204224
large/067_896x1344.jpg,896,1344,68360,1204224
large/068_896x1344.jpg,896,1344,120315,1204224
large/069_1344x896.jpg,1344,896,159595,1204224
large/070_1792x2688.jpg,1792,2688,448220,4816896
large/071_2688x1792.jpg,2688,1792,548102,4816896
large/072_896x1344.jpg,896,1344,163840,1204224
large/073_1344x896.jpg,1344,896,172590,1204224
large/074_1344x896.jpg,1344,896,142746,1204224
large/075_1344x896.jpg,1344,896,195426,1204224
large/076_2842x1894.jpg,2842,1894,794055,5382748
large/077_1920x1280.jpg,1920,1280,237145,2457600
large/078_4000x3000.jpg,4000,3000,652424,12000000
large/079_4000x3000.jpg,4000,3000,518981,12000000
large/080_4096x2731.jpg,4096,2731,336261,11186176
large/081_4096x2731.jpg,4096,2731,284660,11186176
large/082_4000x3000.jpg,4000,3000,1167704,12000000
large/083_4000x3000.jpg,4000,3000,1039523,12000000
large/084_4096x2867.jpg,4096,2867,416576,11743232
large/085_4096x2867.jpg,4096,2867,675752,11743232
large/086_4000x3000.jpg,4000,3000,287372,12000000
large/087_4000x3000.jpg,4000,3000,222566,12000000
large/088_4000x3000.jpg,4000,3000,352044,12000000
large/089_4000x3000.jpg,4000,3000,275239,12000000
large/090_4000x3000.jpg,4000,3000,289109,12000000
large/091_4000x3000.jpg,4000,3000,240397,12000000
large/092_4000x3000.jpg,4000,3000,341719,12000000
large/093_4000x3000.jpg,4000,3000,1266838,12000000
large/094_4000x3000.jpg,4000,3000,1202526,12000000
large/095_4000x3000.jpg,4000,3000,321519,12000000